case/step,RW-ABE min,RW-ABE max,RW-ABE diff,RW-ABE amount,TAAC min,TAAC max,TAAC diff,TAAC amount
encrypt,114.98046875,134.984375,20.00390625,10,,,,,,,,,,,,
update_keys,134.984375,134.984375,0.0,3,,,,,,,,,,,,
update_keys,134.984375,134.984375,0.0,3,,,,,,,,,,,,
decrypt,134.984375,134.984375,0.0,6,,,,,,,,,,,,
encrypt,205.4609375,205.4609375,0.0,10,,,,,,,,,,,,
update_keys,205.4609375,205.4609375,0.0,3,,,,,,,,,,,,
update_keys,205.4609375,205.4609375,0.0,3,,,,,,,,,,,,
decrypt,205.4609375,205.4609375,0.0,6,,,,,,,,,,,,
encrypt,125.8203125,165.8046875,39.984375,10,,,,,,,,,,,,
update_keys,165.8046875,165.8046875,0.0,3,,,,,,,,,,,,
update_keys,165.8046875,165.8046875,0.0,3,,,,,,,,,,,,
decrypt,125.8203125,165.8046875,39.984375,6,,,,,,,,,,,,
encrypt,156.125,156.125,0.0,10,,,,,,,,,,,,
update_keys,156.125,156.125,0.0,3,,,,,,,,,,,,
update_keys,156.125,156.125,0.0,3,,,,,,,,,,,,
decrypt,156.125,156.125,0.0,7,,,,,,,,,,,,
encrypt,186.484375,186.484375,0.0,12,,,,,,,,,,,,
update_keys,186.484375,186.484375,0.0,3,,,,,,,,,,,,
update_keys,186.484375,186.484375,0.0,3,,,,,,,,,,,,
decrypt,186.484375,186.484375,0.0,6,,,,,,,,,,,,
encrypt,156.83984375,156.83984375,0.0,10,,,,,,,,,,,,
update_keys,156.83984375,156.83984375,0.0,3,,,,,,,,,,,,
update_keys,156.83984375,156.83984375,0.0,3,,,,,,,,,,,,
decrypt,156.83984375,156.83984375,0.0,6,,,,,,,,,,,,
encrypt,167.10546875,167.10546875,0.0,9,,,,,,,,,,,,
update_keys,167.10546875,167.10546875,0.0,3,,,,,,,,,,,,
update_keys,167.10546875,167.10546875,0.0,3,,,,,,,,,,,,
decrypt,167.10546875,167.10546875,0.0,5,,,,,,,,,,,,
encrypt,237.56640625,237.56640625,0.0,11,,,,,,,,,,,,
update_keys,237.56640625,237.56640625,0.0,3,,,,,,,,,,,,
update_keys,237.56640625,237.56640625,0.0,3,,,,,,,,,,,,
decrypt,237.56640625,237.56640625,0.0,6,,,,,,,,,,,,
encrypt,157.828125,157.828125,0.0,9,,,,,,,,,,,,
update_keys,157.828125,157.828125,0.0,3,,,,,,,,,,,,
update_keys,157.828125,157.828125,0.0,3,,,,,,,,,,,,
decrypt,157.828125,157.828125,0.0,6,,,,,,,,,,,,
encrypt,158.14453125,158.14453125,0.0,9,,,,,,,,,,,,
update_keys,158.14453125,158.14453125,0.0,3,,,,,,,,,,,,
update_keys,158.14453125,158.14453125,0.0,3,,,,,,,,,,,,
decrypt,158.14453125,158.14453125,0.0,6,,,,,,,,,,,,
encrypt,238.5703125,238.5703125,0.0,10,,,,,,,,,,,,
update_keys,238.5703125,238.5703125,0.0,3,,,,,,,,,,,,
update_keys,238.5703125,238.5703125,0.0,3,,,,,,,,,,,,
decrypt,238.5703125,238.5703125,0.0,6,,,,,,,,,,,,
encrypt,168.85546875,168.85546875,0.0,10,,,,,,,,,,,,
update_keys,168.85546875,168.85546875,0.0,3,,,,,,,,,,,,
update_keys,168.85546875,168.85546875,0.0,3,,,,,,,,,,,,
decrypt,168.85546875,168.85546875,0.0,6,,,,,,,,,,,,
encrypt,179.1640625,179.1640625,0.0,10,,,,,,,,,,,,
update_keys,179.1640625,179.1640625,0.0,3,,,,,,,,,,,,
update_keys,179.1640625,179.1640625,0.0,3,,,,,,,,,,,,
decrypt,179.1640625,179.1640625,0.0,6,,,,,,,,,,,,
encrypt,249.6171875,249.6171875,0.0,11,,,,,,,,,,,,
update_keys,249.6171875,249.6171875,0.0,3,,,,,,,,,,,,
update_keys,249.6171875,249.6171875,0.0,3,,,,,,,,,,,,
decrypt,249.6171875,249.6171875,0.0,6,,,,,,,,,,,,
encrypt,179.86328125,179.86328125,0.0,10,,,,,,,,,,,,
update_keys,179.86328125,179.86328125,0.0,3,,,,,,,,,,,,
update_keys,179.86328125,179.86328125,0.0,3,,,,,,,,,,,,
decrypt,179.86328125,179.86328125,0.0,6,,,,,,,,,,,,
encrypt,180.1796875,180.1796875,0.0,9,,,,,,,,,,,,
update_keys,180.1796875,180.1796875,0.0,3,,,,,,,,,,,,
update_keys,180.1796875,180.1796875,0.0,3,,,,,,,,,,,,
decrypt,180.1796875,180.1796875,0.0,6,,,,,,,,,,,,
encrypt,270.609375,270.609375,0.0,9,,,,,,,,,,,,
update_keys,270.609375,270.609375,0.0,3,,,,,,,,,,,,
update_keys,270.609375,270.609375,0.0,3,,,,,,,,,,,,
decrypt,270.609375,270.609375,0.0,5,,,,,,,,,,,,
encrypt,180.9140625,180.9140625,0.0,9,,,,,,,,,,,,
update_keys,180.9140625,180.9140625,0.0,3,,,,,,,,,,,,
update_keys,180.9140625,180.9140625,0.0,3,,,,,,,,,,,,
decrypt,180.9140625,180.9140625,0.0,6,,,,,,,,,,,,
encrypt,181.23828125,181.23828125,0.0,13,,,,,,,,,,,,
update_keys,181.23828125,181.23828125,0.0,3,,,,,,,,,,,,
update_keys,181.23828125,181.23828125,0.0,3,,,,,,,,,,,,
decrypt,181.23828125,181.23828125,0.0,6,,,,,,,,,,,,
encrypt,271.640625,271.640625,0.0,9,,,,,,,,,,,,
update_keys,271.640625,271.640625,0.0,3,,,,,,,,,,,,
update_keys,271.640625,271.640625,0.0,3,,,,,,,,,,,,
decrypt,271.640625,271.640625,0.0,6,,,,,,,,,,,,
encrypt,241.8828125,241.8828125,0.0,10,,,,,,,,,,,,
update_keys,241.8828125,241.8828125,0.0,3,,,,,,,,,,,,
update_keys,241.8828125,241.8828125,0.0,3,,,,,,,,,,,,
decrypt,241.8828125,241.8828125,0.0,6,,,,,,,,,,,,
encrypt,242.15625,242.15625,0.0,10,,,,,,,,,,,,
update_keys,242.15625,242.15625,0.0,3,,,,,,,,,,,,
update_keys,242.15625,242.15625,0.0,3,,,,,,,,,,,,
decrypt,242.15625,242.15625,0.0,6,,,,,,,,,,,,
encrypt,272.578125,272.578125,0.0,12,,,,,,,,,,,,
update_keys,272.578125,272.578125,0.0,3,,,,,,,,,,,,
update_keys,272.578125,272.578125,0.0,3,,,,,,,,,,,,
decrypt,272.578125,272.578125,0.0,6,,,,,,,,,,,,
encrypt,232.8828125,232.8828125,0.0,10,,,,,,,,,,,,
update_keys,232.8828125,232.8828125,0.0,3,,,,,,,,,,,,
update_keys,232.8828125,232.8828125,0.0,3,,,,,,,,,,,,
decrypt,232.8828125,232.8828125,0.0,6,,,,,,,,,,,,
encrypt,233.20703125,233.20703125,0.0,10,,,,,,,,,,,,
update_keys,233.20703125,233.20703125,0.0,3,,,,,,,,,,,,
update_keys,233.20703125,233.20703125,0.0,3,,,,,,,,,,,,
decrypt,233.20703125,233.20703125,0.0,6,,,,,,,,,,,,
encrypt,273.6171875,273.6171875,0.0,10,,,,,,,,,,,,
update_keys,273.6171875,273.6171875,0.0,3,,,,,,,,,,,,
update_keys,273.6171875,273.6171875,0.0,3,,,,,,,,,,,,
decrypt,273.6171875,273.6171875,0.0,6,,,,,,,,,,,,
encrypt,233.91796875,233.91796875,0.0,9,,,,,,,,,,,,
update_keys,233.91796875,233.91796875,0.0,3,,,,,,,,,,,,
update_keys,233.91796875,233.91796875,0.0,3,,,,,,,,,,,,
decrypt,233.91796875,233.91796875,0.0,6,,,,,,,,,,,,
encrypt,234.22265625,234.22265625,0.0,10,,,,,,,,,,,,
update_keys,234.22265625,234.22265625,0.0,3,,,,,,,,,,,,
update_keys,234.22265625,234.22265625,0.0,3,,,,,,,,,,,,
decrypt,234.22265625,234.22265625,0.0,6,,,,,,,,,,,,
encrypt,274.6171875,274.6171875,0.0,10,,,,,,,,,,,,
update_keys,274.6171875,274.6171875,0.0,3,,,,,,,,,,,,
update_keys,274.6171875,274.6171875,0.0,3,,,,,,,,,,,,
decrypt,274.6171875,274.6171875,0.0,6,,,,,,,,,,,,
encrypt,234.93359375,234.93359375,0.0,11,,,,,,,,,,,,
update_keys,234.93359375,234.93359375,0.0,3,,,,,,,,,,,,
update_keys,234.93359375,234.93359375,0.0,3,,,,,,,,,,,,
decrypt,234.93359375,234.93359375,0.0,6,,,,,,,,,,,,
encrypt,235.28125,235.28125,0.0,12,,,,,,,,,,,,
update_keys,235.28125,235.28125,0.0,3,,,,,,,,,,,,
update_keys,235.28125,235.28125,0.0,3,,,,,,,,,,,,
decrypt,235.28125,235.28125,0.0,8,,,,,,,,,,,,
encrypt,275.66796875,275.66796875,0.0,10,,,,,,,,,,,,
update_keys,275.66796875,275.66796875,0.0,3,,,,,,,,,,,,
update_keys,275.66796875,275.66796875,0.0,3,,,,,,,,,,,,
decrypt,275.66796875,275.66796875,0.0,6,,,,,,,,,,,,
encrypt,235.93359375,235.93359375,0.0,12,,,,,,,,,,,,
update_keys,235.93359375,235.93359375,0.0,3,,,,,,,,,,,,
update_keys,235.93359375,235.93359375,0.0,3,,,,,,,,,,,,
decrypt,235.93359375,235.93359375,0.0,6,,,,,,,,,,,,
encrypt,236.2578125,236.2578125,0.0,11,,,,,,,,,,,,
update_keys,236.2578125,236.2578125,0.0,3,,,,,,,,,,,,
update_keys,236.2578125,236.2578125,0.0,3,,,,,,,,,,,,
decrypt,236.2578125,236.2578125,0.0,7,,,,,,,,,,,,
encrypt,276.6171875,276.6171875,0.0,11,,,,,,,,,,,,
update_keys,276.6171875,276.6171875,0.0,3,,,,,,,,,,,,
update_keys,276.6171875,276.6171875,0.0,3,,,,,,,,,,,,
decrypt,276.6171875,276.6171875,0.0,6,,,,,,,,,,,,
encrypt,236.88671875,236.88671875,0.0,10,,,,,,,,,,,,
update_keys,236.88671875,236.88671875,0.0,3,,,,,,,,,,,,
update_keys,236.88671875,236.88671875,0.0,3,,,,,,,,,,,,
decrypt,236.88671875,236.88671875,0.0,6,,,,,,,,,,,,
encrypt,237.2109375,237.2109375,0.0,9,,,,,,,,,,,,
update_keys,237.2109375,237.2109375,0.0,3,,,,,,,,,,,,
update_keys,237.2109375,237.2109375,0.0,3,,,,,,,,,,,,
decrypt,237.2109375,237.2109375,0.0,6,,,,,,,,,,,,
encrypt,277.59375,277.59375,0.0,10,,,,,,,,,,,,
update_keys,277.59375,277.59375,0.0,3,,,,,,,,,,,,
update_keys,277.59375,277.59375,0.0,3,,,,,,,,,,,,
decrypt,277.59375,277.59375,0.0,6,,,,,,,,,,,,
encrypt,237.859375,237.859375,0.0,10,,,,,,,,,,,,
update_keys,237.859375,237.859375,0.0,3,,,,,,,,,,,,
update_keys,237.859375,237.859375,0.0,3,,,,,,,,,,,,
decrypt,237.859375,237.859375,0.0,6,,,,,,,,,,,,
encrypt,238.16015625,238.16015625,0.0,10,,,,,,,,,,,,
update_keys,238.16015625,238.16015625,0.0,4,,,,,,,,,,,,
update_keys,238.16015625,238.16015625,0.0,3,,,,,,,,,,,,
decrypt,238.16015625,238.16015625,0.0,6,,,,,,,,,,,,
encrypt,278.54296875,278.54296875,0.0,12,,,,,,,,,,,,
update_keys,278.54296875,278.54296875,0.0,3,,,,,,,,,,,,
update_keys,278.54296875,278.54296875,0.0,3,,,,,,,,,,,,
decrypt,278.54296875,278.54296875,0.0,5,,,,,,,,,,,,
encrypt,238.84765625,238.84765625,0.0,9,,,,,,,,,,,,
update_keys,238.84765625,238.84765625,0.0,3,,,,,,,,,,,,
update_keys,238.84765625,238.84765625,0.0,3,,,,,,,,,,,,
decrypt,238.84765625,238.84765625,0.0,6,,,,,,,,,,,,
encrypt,239.19140625,239.19140625,0.0,9,,,,,,,,,,,,
update_keys,239.19140625,239.19140625,0.0,4,,,,,,,,,,,,
update_keys,239.19140625,239.19140625,0.0,3,,,,,,,,,,,,
decrypt,239.19140625,239.19140625,0.0,6,,,,,,,,,,,,
encrypt,279.59375,279.59375,0.0,10,,,,,,,,,,,,
update_keys,279.59375,279.59375,0.0,3,,,,,,,,,,,,
update_keys,279.59375,279.59375,0.0,3,,,,,,,,,,,,
decrypt,279.59375,279.59375,0.0,5,,,,,,,,,,,,
encrypt,239.89453125,239.89453125,0.0,11,,,,,,,,,,,,
update_keys,239.89453125,239.89453125,0.0,3,,,,,,,,,,,,
update_keys,239.89453125,239.89453125,0.0,3,,,,,,,,,,,,
decrypt,239.89453125,239.89453125,0.0,6,,,,,,,,,,,,
encrypt,240.1953125,240.1953125,0.0,11,,,,,,,,,,,,
update_keys,240.1953125,240.1953125,0.0,3,,,,,,,,,,,,
update_keys,240.1953125,240.1953125,0.0,3,,,,,,,,,,,,
decrypt,240.1953125,240.1953125,0.0,6,,,,,,,,,,,,
encrypt,280.60546875,280.60546875,0.0,9,,,,,,,,,,,,
update_keys,280.60546875,280.60546875,0.0,3,,,,,,,,,,,,
update_keys,280.60546875,280.60546875,0.0,3,,,,,,,,,,,,
decrypt,280.60546875,280.60546875,0.0,7,,,,,,,,,,,,
encrypt,240.89453125,240.89453125,0.0,11,,,,,,,,,,,,
update_keys,240.89453125,240.89453125,0.0,3,,,,,,,,,,,,
update_keys,240.89453125,240.89453125,0.0,3,,,,,,,,,,,,
decrypt,240.89453125,240.89453125,0.0,6,,,,,,,,,,,,
encrypt,241.19921875,241.19921875,0.0,10,,,,,,,,,,,,
update_keys,241.19921875,241.19921875,0.0,3,,,,,,,,,,,,
update_keys,241.19921875,241.19921875,0.0,3,,,,,,,,,,,,
decrypt,241.19921875,241.19921875,0.0,6,,,,,,,,,,,,
encrypt,281.60546875,281.60546875,0.0,12,,,,,,,,,,,,
update_keys,281.60546875,281.60546875,0.0,3,,,,,,,,,,,,
update_keys,281.60546875,281.60546875,0.0,3,,,,,,,,,,,,
decrypt,281.60546875,281.60546875,0.0,6,,,,,,,,,,,,
encrypt,241.89453125,241.89453125,0.0,10,,,,,,,,,,,,
update_keys,241.89453125,241.89453125,0.0,3,,,,,,,,,,,,
update_keys,241.89453125,241.89453125,0.0,3,,,,,,,,,,,,
decrypt,241.89453125,241.89453125,0.0,6,,,,,,,,,,,,
encrypt,242.23046875,242.23046875,0.0,11,,,,,,,,,,,,
update_keys,242.23046875,242.23046875,0.0,3,,,,,,,,,,,,
update_keys,242.23046875,242.23046875,0.0,3,,,,,,,,,,,,
decrypt,242.23046875,242.23046875,0.0,6,,,,,,,,,,,,
encrypt,282.6484375,282.6484375,0.0,10,,,,,,,,,,,,
update_keys,282.6484375,282.6484375,0.0,3,,,,,,,,,,,,
update_keys,282.6484375,282.6484375,0.0,3,,,,,,,,,,,,
decrypt,282.6484375,282.6484375,0.0,6,,,,,,,,,,,,
encrypt,242.921875,242.921875,0.0,9,,,,,,,,,,,,
update_keys,242.921875,242.921875,0.0,3,,,,,,,,,,,,
update_keys,242.921875,242.921875,0.0,3,,,,,,,,,,,,
decrypt,242.921875,242.921875,0.0,6,,,,,,,,,,,,
encrypt,243.22265625,243.22265625,0.0,12,,,,,,,,,,,,
update_keys,243.22265625,243.22265625,0.0,3,,,,,,,,,,,,
update_keys,243.22265625,243.22265625,0.0,3,,,,,,,,,,,,
decrypt,243.22265625,243.22265625,0.0,6,,,,,,,,,,,,
encrypt,283.6171875,283.6171875,0.0,11,,,,,,,,,,,,
update_keys,283.6171875,283.6171875,0.0,3,,,,,,,,,,,,
update_keys,283.6171875,283.6171875,0.0,3,,,,,,,,,,,,
decrypt,283.6171875,283.6171875,0.0,6,,,,,,,,,,,,
encrypt,243.89453125,243.89453125,0.0,10,,,,,,,,,,,,
update_keys,243.89453125,243.89453125,0.0,3,,,,,,,,,,,,
update_keys,243.89453125,243.89453125,0.0,3,,,,,,,,,,,,
decrypt,243.89453125,243.89453125,0.0,6,,,,,,,,,,,,
encrypt,244.1953125,244.1953125,0.0,10,,,,,,,,,,,,
update_keys,244.1953125,244.1953125,0.0,3,,,,,,,,,,,,
update_keys,244.1953125,244.1953125,0.0,3,,,,,,,,,,,,
decrypt,244.1953125,244.1953125,0.0,6,,,,,,,,,,,,
encrypt,284.640625,284.640625,0.0,9,,,,,,,,,,,,
update_keys,284.640625,284.640625,0.0,3,,,,,,,,,,,,
update_keys,284.640625,284.640625,0.0,3,,,,,,,,,,,,
decrypt,284.640625,284.640625,0.0,6,,,,,,,,,,,,
encrypt,244.8984375,244.8984375,0.0,11,,,,,,,,,,,,
update_keys,244.8984375,244.8984375,0.0,3,,,,,,,,,,,,
update_keys,244.8984375,244.8984375,0.0,3,,,,,,,,,,,,
decrypt,244.8984375,244.8984375,0.0,6,,,,,,,,,,,,
encrypt,245.2421875,245.2421875,0.0,10,,,,,,,,,,,,
update_keys,245.2421875,245.2421875,0.0,3,,,,,,,,,,,,
update_keys,245.2421875,245.2421875,0.0,3,,,,,,,,,,,,
decrypt,245.2421875,245.2421875,0.0,6,,,,,,,,,,,,
encrypt,285.65234375,285.65234375,0.0,10,,,,,,,,,,,,
update_keys,285.65234375,285.65234375,0.0,3,,,,,,,,,,,,
update_keys,285.65234375,285.65234375,0.0,3,,,,,,,,,,,,
decrypt,285.65234375,285.65234375,0.0,6,,,,,,,,,,,,
encrypt,245.9140625,245.9140625,0.0,10,,,,,,,,,,,,
update_keys,245.9140625,245.9140625,0.0,3,,,,,,,,,,,,
update_keys,245.9140625,245.9140625,0.0,3,,,,,,,,,,,,
decrypt,245.9140625,245.9140625,0.0,6,,,,,,,,,,,,
encrypt,246.2109375,246.2109375,0.0,9,,,,,,,,,,,,
update_keys,246.2109375,246.2109375,0.0,3,,,,,,,,,,,,
update_keys,246.2109375,246.2109375,0.0,3,,,,,,,,,,,,
decrypt,246.2109375,246.2109375,0.0,7,,,,,,,,,,,,
encrypt,286.609375,286.609375,0.0,11,,,,,,,,,,,,
update_keys,286.609375,286.609375,0.0,3,,,,,,,,,,,,
update_keys,286.609375,286.609375,0.0,3,,,,,,,,,,,,
decrypt,286.609375,286.609375,0.0,6,,,,,,,,,,,,
encrypt,246.875,246.875,0.0,10,,,,,,,,,,,,
update_keys,246.875,246.875,0.0,3,,,,,,,,,,,,
update_keys,246.875,246.875,0.0,3,,,,,,,,,,,,
decrypt,246.875,246.875,0.0,5,,,,,,,,,,,,
encrypt,247.15625,247.15625,0.0,10,,,,,,,,,,,,
update_keys,247.15625,247.15625,0.0,3,,,,,,,,,,,,
update_keys,247.15625,247.15625,0.0,3,,,,,,,,,,,,
decrypt,247.15625,247.15625,0.0,6,,,,,,,,,,,,
encrypt,287.55859375,287.55859375,0.0,12,,,,,,,,,,,,
update_keys,287.55859375,287.55859375,0.0,3,,,,,,,,,,,,
update_keys,287.55859375,287.55859375,0.0,3,,,,,,,,,,,,
decrypt,287.55859375,287.55859375,0.0,6,,,,,,,,,,,,
encrypt,247.8203125,247.8203125,0.0,10,,,,,,,,,,,,
update_keys,247.8203125,247.8203125,0.0,3,,,,,,,,,,,,
update_keys,247.8203125,247.8203125,0.0,3,,,,,,,,,,,,
decrypt,247.8203125,247.8203125,0.0,6,,,,,,,,,,,,
encrypt,248.109375,248.109375,0.0,9,,,,,,,,,,,,
update_keys,248.109375,248.109375,0.0,3,,,,,,,,,,,,
update_keys,248.109375,248.109375,0.0,3,,,,,,,,,,,,
decrypt,248.109375,248.109375,0.0,5,,,,,,,,,,,,
encrypt,298.52734375,298.52734375,0.0,11,,,,,,,,,,,,
update_keys,298.52734375,298.52734375,0.0,3,,,,,,,,,,,,
update_keys,298.52734375,298.52734375,0.0,3,,,,,,,,,,,,
decrypt,298.52734375,298.52734375,0.0,6,,,,,,,,,,,,
encrypt,248.8125,248.8125,0.0,13,,,,,,,,,,,,
update_keys,248.8125,248.8125,0.0,3,,,,,,,,,,,,
update_keys,248.8125,248.8125,0.0,3,,,,,,,,,,,,
decrypt,248.8125,248.8125,0.0,6,,,,,,,,,,,,
encrypt,249.109375,249.109375,0.0,11,,,,,,,,,,,,
update_keys,249.109375,249.109375,0.0,3,,,,,,,,,,,,
update_keys,249.109375,249.109375,0.0,3,,,,,,,,,,,,
decrypt,249.109375,249.109375,0.0,6,,,,,,,,,,,,
encrypt,289.546875,289.546875,0.0,12,,,,,,,,,,,,
update_keys,289.546875,289.546875,0.0,3,,,,,,,,,,,,
update_keys,289.546875,289.546875,0.0,3,,,,,,,,,,,,
decrypt,289.546875,289.546875,0.0,6,,,,,,,,,,,,
encrypt,249.8125,249.8125,0.0,11,,,,,,,,,,,,
update_keys,249.8125,249.8125,0.0,3,,,,,,,,,,,,
update_keys,249.8125,249.8125,0.0,3,,,,,,,,,,,,
decrypt,249.8125,249.8125,0.0,6,,,,,,,,,,,,
encrypt,250.109375,250.109375,0.0,11,,,,,,,,,,,,
update_keys,250.109375,250.109375,0.0,3,,,,,,,,,,,,
update_keys,250.109375,250.109375,0.0,3,,,,,,,,,,,,
decrypt,250.109375,250.109375,0.0,6,,,,,,,,,,,,
encrypt,290.546875,290.546875,0.0,12,,,,,,,,,,,,
update_keys,290.546875,290.546875,0.0,3,,,,,,,,,,,,
update_keys,290.546875,290.546875,0.0,3,,,,,,,,,,,,
decrypt,290.546875,290.546875,0.0,6,,,,,,,,,,,,
encrypt,250.8515625,250.8515625,0.0,10,,,,,,,,,,,,
update_keys,250.8515625,250.8515625,0.0,3,,,,,,,,,,,,
update_keys,250.8515625,250.8515625,0.0,3,,,,,,,,,,,,
decrypt,250.8515625,250.8515625,0.0,6,,,,,,,,,,,,
encrypt,251.171875,251.171875,0.0,11,,,,,,,,,,,,
update_keys,251.171875,251.171875,0.0,3,,,,,,,,,,,,
update_keys,251.171875,251.171875,0.0,3,,,,,,,,,,,,
decrypt,251.171875,251.171875,0.0,6,,,,,,,,,,,,
encrypt,291.58203125,291.58203125,0.0,11,,,,,,,,,,,,
update_keys,291.58203125,291.58203125,0.0,3,,,,,,,,,,,,
update_keys,291.58203125,291.58203125,0.0,3,,,,,,,,,,,,
decrypt,291.58203125,291.58203125,0.0,6,,,,,,,,,,,,
encrypt,251.84765625,251.84765625,0.0,11,,,,,,,,,,,,
update_keys,251.84765625,251.84765625,0.0,3,,,,,,,,,,,,
update_keys,251.84765625,251.84765625,0.0,3,,,,,,,,,,,,
decrypt,251.84765625,251.84765625,0.0,6,,,,,,,,,,,,
encrypt,252.109375,252.109375,0.0,11,,,,,,,,,,,,
update_keys,252.109375,252.109375,0.0,9,,,,,,,,,,,,
update_keys,252.109375,252.109375,0.0,3,,,,,,,,,,,,
decrypt,252.109375,252.109375,0.0,6,,,,,,,,,,,,
encrypt,292.5234375,292.5234375,0.0,11,,,,,,,,,,,,
update_keys,292.5234375,292.5234375,0.0,3,,,,,,,,,,,,
update_keys,292.5234375,292.5234375,0.0,3,,,,,,,,,,,,
decrypt,292.5234375,292.5234375,0.0,6,,,,,,,,,,,,
encrypt,262.84765625,262.84765625,0.0,10,,,,,,,,,,,,
update_keys,262.84765625,262.84765625,0.0,3,,,,,,,,,,,,
update_keys,262.84765625,262.84765625,0.0,3,,,,,,,,,,,,
decrypt,262.84765625,262.84765625,0.0,6,,,,,,,,,,,,
encrypt,263.109375,263.109375,0.0,9,,,,,,,,,,,,
update_keys,263.109375,263.109375,0.0,3,,,,,,,,,,,,
update_keys,263.109375,263.109375,0.0,3,,,,,,,,,,,,
decrypt,263.109375,263.109375,0.0,7,,,,,,,,,,,,
encrypt,293.5234375,293.5234375,0.0,11,,,,,,,,,,,,
update_keys,293.5234375,293.5234375,0.0,3,,,,,,,,,,,,
update_keys,293.5234375,293.5234375,0.0,3,,,,,,,,,,,,
decrypt,293.5234375,293.5234375,0.0,6,,,,,,,,,,,,
encrypt,263.8359375,263.8359375,0.0,11,,,,,,,,,,,,
update_keys,263.8359375,263.8359375,0.0,3,,,,,,,,,,,,
update_keys,263.8359375,263.8359375,0.0,3,,,,,,,,,,,,
decrypt,263.8359375,263.8359375,0.0,6,,,,,,,,,,,,
encrypt,264.05078125,264.05078125,0.0,12,,,,,,,,,,,,
update_keys,264.05078125,264.05078125,0.0,3,,,,,,,,,,,,
update_keys,264.05078125,264.05078125,0.0,3,,,,,,,,,,,,
decrypt,264.05078125,264.05078125,0.0,6,,,,,,,,,,,,
encrypt,264.46484375,264.46484375,0.0,11,,,,,,,,,,,,
update_keys,264.46484375,264.46484375,0.0,3,,,,,,,,,,,,
update_keys,264.46484375,264.46484375,0.0,3,,,,,,,,,,,,
decrypt,264.46484375,264.46484375,0.0,5,,,,,,,,,,,,
encrypt,294.85546875,294.85546875,0.0,11,,,,,,,,,,,,
update_keys,294.85546875,294.85546875,0.0,3,,,,,,,,,,,,
update_keys,294.85546875,294.85546875,0.0,3,,,,,,,,,,,,
decrypt,294.85546875,294.85546875,0.0,6,,,,,,,,,,,,
encrypt,265.1640625,265.1640625,0.0,10,,,,,,,,,,,,
update_keys,265.1640625,265.1640625,0.0,3,,,,,,,,,,,,
update_keys,265.1640625,265.1640625,0.0,3,,,,,,,,,,,,
decrypt,265.1640625,265.1640625,0.0,6,,,,,,,,,,,,
encrypt,265.47265625,265.47265625,0.0,12,,,,,,,,,,,,
update_keys,265.47265625,265.47265625,0.0,3,,,,,,,,,,,,
update_keys,265.47265625,265.47265625,0.0,3,,,,,,,,,,,,
decrypt,265.47265625,265.47265625,0.0,6,,,,,,,,,,,,
encrypt,295.84375,295.84375,0.0,11,,,,,,,,,,,,
update_keys,295.84375,295.84375,0.0,3,,,,,,,,,,,,
update_keys,295.84375,295.84375,0.0,3,,,,,,,,,,,,
decrypt,295.84375,295.84375,0.0,6,,,,,,,,,,,,
encrypt,266.13671875,266.13671875,0.0,12,,,,,,,,,,,,
update_keys,266.13671875,266.13671875,0.0,3,,,,,,,,,,,,
update_keys,266.13671875,266.13671875,0.0,3,,,,,,,,,,,,
decrypt,266.13671875,266.13671875,0.0,6,,,,,,,,,,,,
encrypt,266.44921875,266.44921875,0.0,11,,,,,,,,,,,,
update_keys,266.44921875,266.44921875,0.0,3,,,,,,,,,,,,
update_keys,266.44921875,266.44921875,0.0,3,,,,,,,,,,,,
decrypt,266.44921875,266.44921875,0.0,6,,,,,,,,,,,,
encrypt,296.8671875,296.8671875,0.0,11,,,,,,,,,,,,
update_keys,296.8671875,296.8671875,0.0,3,,,,,,,,,,,,
update_keys,296.8671875,296.8671875,0.0,3,,,,,,,,,,,,
decrypt,296.8671875,296.8671875,0.0,6,,,,,,,,,,,,
encrypt,267.109375,267.109375,0.0,10,,,,,,,,,,,,
update_keys,267.109375,267.109375,0.0,3,,,,,,,,,,,,
update_keys,267.109375,267.109375,0.0,5,,,,,,,,,,,,
decrypt,267.109375,267.109375,0.0,6,,,,,,,,,,,,
encrypt,267.3984375,267.3984375,0.0,12,,,,,,,,,,,,
update_keys,267.3984375,267.3984375,0.0,3,,,,,,,,,,,,
update_keys,267.3984375,267.3984375,0.0,6,,,,,,,,,,,,
decrypt,267.3984375,267.3984375,0.0,6,,,,,,,,,,,,
encrypt,297.80078125,297.80078125,0.0,11,,,,,,,,,,,,
update_keys,297.80078125,297.80078125,0.0,3,,,,,,,,,,,,
update_keys,297.80078125,297.80078125,0.0,3,,,,,,,,,,,,
decrypt,297.80078125,297.80078125,0.0,6,,,,,,,,,,,,
encrypt,268.14453125,268.14453125,0.0,10,,,,,,,,,,,,
update_keys,268.14453125,268.14453125,0.0,3,,,,,,,,,,,,
update_keys,268.14453125,268.14453125,0.0,3,,,,,,,,,,,,
decrypt,268.14453125,268.14453125,0.0,6,,,,,,,,,,,,
encrypt,,,,,258.7578125,258.7578125,0.0,10,,,,,,,,
update_keys,,,,,258.7578125,258.7578125,0.0,3,,,,,,,,
update_keys,,,,,258.7578125,258.7578125,0.0,3,,,,,,,,
decrypt,,,,,258.7578125,258.7578125,0.0,6,,,,,,,,
encrypt,,,,,259.234375,259.234375,0.0,11,,,,,,,,
update_keys,,,,,259.234375,259.234375,0.0,3,,,,,,,,
update_keys,,,,,259.234375,259.234375,0.0,3,,,,,,,,
decrypt,,,,,259.234375,259.234375,0.0,6,,,,,,,,
encrypt,,,,,259.44921875,259.44921875,0.0,10,,,,,,,,
update_keys,,,,,259.44921875,259.44921875,0.0,3,,,,,,,,
update_keys,,,,,259.44921875,259.44921875,0.0,3,,,,,,,,
decrypt,,,,,259.44921875,259.44921875,0.0,6,,,,,,,,
encrypt,,,,,259.73046875,259.73046875,0.0,11,,,,,,,,
update_keys,,,,,259.73046875,259.73046875,0.0,3,,,,,,,,
update_keys,,,,,259.73046875,259.73046875,0.0,3,,,,,,,,
decrypt,,,,,259.73046875,259.734375,0.00390625,6,,,,,,,,
encrypt,,,,,259.984375,259.99609375,0.01171875,12,,,,,,,,
update_keys,,,,,259.99609375,259.99609375,0.0,3,,,,,,,,
update_keys,,,,,259.99609375,259.99609375,0.0,3,,,,,,,,
decrypt,,,,,259.99609375,259.99609375,0.0,7,,,,,,,,
encrypt,,,,,270.3984375,270.3984375,0.0,12,,,,,,,,
update_keys,,,,,270.3984375,270.3984375,0.0,3,,,,,,,,
update_keys,,,,,270.3984375,270.3984375,0.0,3,,,,,,,,
decrypt,,,,,270.3984375,270.3984375,0.0,6,,,,,,,,
encrypt,,,,,310.8203125,310.8203125,0.0,10,,,,,,,,
update_keys,,,,,310.8203125,310.8203125,0.0,3,,,,,,,,
update_keys,,,,,310.8203125,310.8203125,0.0,3,,,,,,,,
decrypt,,,,,310.8203125,310.8203125,0.0,6,,,,,,,,
encrypt,,,,,261.078125,271.0859375,10.0078125,9,,,,,,,,
update_keys,,,,,271.08984375,271.08984375,0.0,4,,,,,,,,
update_keys,,,,,271.08984375,271.08984375,0.0,3,,,,,,,,
decrypt,,,,,271.08984375,271.12109375,0.03125,6,,,,,,,,
encrypt,,,,,271.5234375,271.5234375,0.0,12,,,,,,,,
update_keys,,,,,271.5234375,271.5234375,0.0,3,,,,,,,,
update_keys,,,,,271.5234375,271.5234375,0.0,3,,,,,,,,
decrypt,,,,,271.5234375,271.5234375,0.0,6,,,,,,,,
encrypt,,,,,261.765625,261.765625,0.0,10,,,,,,,,
update_keys,,,,,261.765625,261.765625,0.0,3,,,,,,,,
update_keys,,,,,261.765625,261.765625,0.0,3,,,,,,,,
decrypt,,,,,261.765625,261.765625,0.0,6,,,,,,,,
encrypt,,,,,272.0859375,272.1015625,0.015625,11,,,,,,,,
update_keys,,,,,272.1015625,272.1015625,0.0,3,,,,,,,,
update_keys,,,,,272.1015625,272.1015625,0.0,3,,,,,,,,
decrypt,,,,,272.1015625,282.1953125,10.09375,7,,,,,,,,
encrypt,,,,,302.48828125,302.48828125,0.0,10,,,,,,,,
update_keys,,,,,302.48828125,302.48828125,0.0,3,,,,,,,,
update_keys,,,,,302.48828125,302.48828125,0.0,3,,,,,,,,
decrypt,,,,,302.48828125,302.48828125,0.0,7,,,,,,,,
encrypt,,,,,262.79296875,262.79296875,0.0,11,,,,,,,,
update_keys,,,,,262.79296875,262.79296875,0.0,3,,,,,,,,
update_keys,,,,,262.79296875,262.79296875,0.0,3,,,,,,,,
decrypt,,,,,262.79296875,262.79296875,0.0,6,,,,,,,,
encrypt,,,,,263.0234375,263.05859375,0.03515625,10,,,,,,,,
update_keys,,,,,263.05859375,263.05859375,0.0,3,,,,,,,,
update_keys,,,,,263.05859375,263.05859375,0.0,3,,,,,,,,
decrypt,,,,,263.05859375,263.05859375,0.0,6,,,,,,,,
encrypt,,,,,273.4140625,273.4140625,0.0,12,,,,,,,,
update_keys,,,,,273.4140625,273.4140625,0.0,3,,,,,,,,
update_keys,,,,,273.4140625,273.4140625,0.0,3,,,,,,,,
decrypt,,,,,273.4140625,273.4140625,0.0,6,,,,,,,,
encrypt,,,,,263.73828125,263.73828125,0.0,11,,,,,,,,
update_keys,,,,,263.73828125,263.73828125,0.0,3,,,,,,,,
update_keys,,,,,263.73828125,263.73828125,0.0,3,,,,,,,,
decrypt,,,,,263.73828125,263.73828125,0.0,6,,,,,,,,
encrypt,,,,,273.98046875,273.98046875,0.0,12,,,,,,,,
update_keys,,,,,273.98046875,273.98046875,0.0,3,,,,,,,,
update_keys,,,,,273.98046875,273.98046875,0.0,3,,,,,,,,
decrypt,,,,,273.98046875,274.0078125,0.02734375,7,,,,,,,,
encrypt,,,,,274.3515625,284.40625,10.0546875,10,,,,,,,,
update_keys,,,,,284.4140625,284.4140625,0.0,3,,,,,,,,
update_keys,,,,,284.4140625,284.4140625,0.0,3,,,,,,,,
decrypt,,,,,284.4140625,284.4140625,0.0,6,,,,,,,,
encrypt,,,,,264.69921875,264.69921875,0.0,11,,,,,,,,
update_keys,,,,,264.69921875,264.69921875,0.0,3,,,,,,,,
update_keys,,,,,264.69921875,264.69921875,0.0,3,,,,,,,,
decrypt,,,,,264.69921875,264.69921875,0.0,7,,,,,,,,
encrypt,,,,,275.01953125,275.01953125,0.0,11,,,,,,,,
update_keys,,,,,275.01953125,275.01953125,0.0,3,,,,,,,,
update_keys,,,,,275.01953125,275.01953125,0.0,3,,,,,,,,
decrypt,,,,,275.01953125,275.01953125,0.0,6,,,,,,,,
encrypt,,,,,265.3125,265.3125,0.0,11,,,,,,,,
update_keys,,,,,265.3125,265.3125,0.0,3,,,,,,,,
update_keys,,,,,265.3125,265.3125,0.0,3,,,,,,,,
decrypt,,,,,265.3125,265.3125,0.0,6,,,,,,,,
encrypt,,,,,295.703125,295.703125,0.0,9,,,,,,,,
update_keys,,,,,295.703125,295.703125,0.0,3,,,,,,,,
update_keys,,,,,295.703125,295.703125,0.0,3,,,,,,,,
decrypt,,,,,295.703125,295.703125,0.0,6,,,,,,,,
encrypt,,,,,276.08203125,276.08203125,0.0,10,,,,,,,,
update_keys,,,,,276.08203125,276.08203125,0.0,3,,,,,,,,
update_keys,,,,,276.08203125,276.08203125,0.0,3,,,,,,,,
decrypt,,,,,276.08203125,276.08203125,0.0,6,,,,,,,,
encrypt,,,,,276.41796875,296.3984375,19.98046875,9,,,,,,,,
update_keys,,,,,286.3984375,286.3984375,0.0,3,,,,,,,,
update_keys,,,,,286.3984375,286.3984375,0.0,3,,,,,,,,
decrypt,,,,,286.3984375,286.41796875,0.01953125,6,,,,,,,,
encrypt,,,,,266.74609375,266.74609375,0.0,10,,,,,,,,
update_keys,,,,,266.74609375,266.74609375,0.0,3,,,,,,,,
update_keys,,,,,266.74609375,266.74609375,0.0,3,,,,,,,,
decrypt,,,,,266.74609375,266.74609375,0.0,6,,,,,,,,
encrypt,,,,,267.078125,277.046875,9.96875,11,,,,,,,,
update_keys,,,,,277.0625,277.0625,0.0,3,,,,,,,,
update_keys,,,,,277.0625,277.0625,0.0,3,,,,,,,,
decrypt,,,,,277.0625,277.0859375,0.0234375,7,,,,,,,,
encrypt,,,,,267.3828125,267.3828125,0.0,14,,,,,,,,
update_keys,,,,,267.3828125,267.3828125,0.0,3,,,,,,,,
update_keys,,,,,267.3828125,267.3828125,0.0,3,,,,,,,,
decrypt,,,,,267.3828125,267.3828125,0.0,6,,,,,,,,
encrypt,,,,,297.80078125,297.80078125,0.0,9,,,,,,,,
update_keys,,,,,297.80078125,297.80078125,0.0,3,,,,,,,,
update_keys,,,,,297.80078125,297.80078125,0.0,3,,,,,,,,
decrypt,,,,,297.80078125,297.80078125,0.0,6,,,,,,,,
encrypt,,,,,278.109375,278.109375,0.0,10,,,,,,,,
update_keys,,,,,278.109375,278.109375,0.0,6,,,,,,,,
update_keys,,,,,278.109375,278.109375,0.0,3,,,,,,,,
decrypt,,,,,278.109375,278.109375,0.0,6,,,,,,,,
encrypt,,,,,278.41796875,298.359375,19.94140625,10,,,,,,,,
update_keys,,,,,288.3984375,288.3984375,0.0,3,,,,,,,,
update_keys,,,,,288.3984375,288.3984375,0.0,5,,,,,,,,
decrypt,,,,,288.3984375,298.3984375,10.0,6,,,,,,,,
encrypt,,,,,268.7421875,268.7421875,0.0,11,,,,,,,,
update_keys,,,,,268.7421875,268.7421875,0.0,3,,,,,,,,
update_keys,,,,,268.7421875,268.7421875,0.0,3,,,,,,,,
decrypt,,,,,268.7421875,268.7421875,0.0,6,,,,,,,,
encrypt,,,,,269.08984375,278.97265625,9.8828125,14,,,,,,,,
update_keys,,,,,279.0703125,279.0703125,0.0,3,,,,,,,,
update_keys,,,,,279.0703125,279.0703125,0.0,3,,,,,,,,
decrypt,,,,,279.0703125,279.08984375,0.01953125,6,,,,,,,,
encrypt,,,,,269.4140625,269.4140625,0.0,9,,,,,,,,
update_keys,,,,,269.4140625,269.4140625,0.0,3,,,,,,,,
update_keys,,,,,269.4140625,269.4140625,0.0,3,,,,,,,,
decrypt,,,,,269.4140625,269.4140625,0.0,6,,,,,,,,
encrypt,,,,,299.7578125,299.7578125,0.0,17,,,,,,,,
update_keys,,,,,299.7578125,299.7578125,0.0,3,,,,,,,,
update_keys,,,,,299.7578125,299.7578125,0.0,3,,,,,,,,
decrypt,,,,,299.7578125,299.7578125,0.0,6,,,,,,,,
encrypt,,,,,280.109375,280.109375,0.0,11,,,,,,,,
update_keys,,,,,280.109375,280.109375,0.0,3,,,,,,,,
update_keys,,,,,280.109375,280.109375,0.0,3,,,,,,,,
decrypt,,,,,280.109375,280.109375,0.0,6,,,,,,,,
encrypt,,,,,280.41015625,310.36328125,29.953125,10,,,,,,,,
update_keys,,,,,300.390625,300.390625,0.0,3,,,,,,,,
update_keys,,,,,300.390625,300.390625,0.0,3,,,,,,,,
decrypt,,,,,300.390625,310.390625,10.0,6,,,,,,,,
encrypt,,,,,270.73046875,270.73046875,0.0,10,,,,,,,,
update_keys,,,,,270.73046875,270.73046875,0.0,3,,,,,,,,
update_keys,,,,,270.73046875,270.73046875,0.0,3,,,,,,,,
decrypt,,,,,270.73046875,270.73046875,0.0,7,,,,,,,,
encrypt,,,,,271.07421875,281.0546875,9.98046875,10,,,,,,,,
update_keys,,,,,281.0546875,281.0546875,0.0,3,,,,,,,,
update_keys,,,,,281.0546875,281.0546875,0.0,3,,,,,,,,
decrypt,,,,,281.0546875,281.0625,0.0078125,7,,,,,,,,
encrypt,,,,,271.35546875,271.35546875,0.0,10,,,,,,,,
update_keys,,,,,271.35546875,271.35546875,0.0,3,,,,,,,,
update_keys,,,,,271.35546875,271.35546875,0.0,3,,,,,,,,
decrypt,,,,,271.35546875,271.35546875,0.0,7,,,,,,,,
encrypt,,,,,311.7109375,311.7109375,0.0,11,,,,,,,,
update_keys,,,,,311.7109375,311.7109375,0.0,3,,,,,,,,
update_keys,,,,,311.7109375,311.7109375,0.0,3,,,,,,,,
decrypt,,,,,311.7109375,311.7109375,0.0,6,,,,,,,,
encrypt,,,,,312.0546875,312.0546875,0.0,10,,,,,,,,
update_keys,,,,,312.0546875,312.0546875,0.0,3,,,,,,,,
update_keys,,,,,312.0546875,312.0546875,0.0,3,,,,,,,,
decrypt,,,,,312.0546875,312.0546875,0.0,6,,,,,,,,
encrypt,,,,,292.33984375,302.34375,10.00390625,10,,,,,,,,
update_keys,,,,,302.34375,302.34375,0.0,3,,,,,,,,
update_keys,,,,,302.34375,302.34375,0.0,3,,,,,,,,
decrypt,,,,,302.34375,312.34375,10.0,6,,,,,,,,
encrypt,,,,,272.66015625,272.66015625,0.0,14,,,,,,,,
update_keys,,,,,272.66015625,272.66015625,0.0,3,,,,,,,,
update_keys,,,,,272.66015625,272.66015625,0.0,3,,,,,,,,
decrypt,,,,,272.66015625,272.66015625,0.0,6,,,,,,,,
encrypt,,,,,273.02734375,282.94140625,9.9140625,11,,,,,,,,
update_keys,,,,,283.0078125,283.0078125,0.0,3,,,,,,,,
update_keys,,,,,283.0078125,283.0078125,0.0,3,,,,,,,,
decrypt,,,,,283.0078125,283.0234375,0.015625,6,,,,,,,,
encrypt,,,,,273.32421875,273.32421875,0.0,9,,,,,,,,
update_keys,,,,,273.32421875,273.32421875,0.0,3,,,,,,,,
update_keys,,,,,273.32421875,273.32421875,0.0,3,,,,,,,,
decrypt,,,,,273.32421875,273.32421875,0.0,7,,,,,,,,
encrypt,,,,,313.72265625,313.72265625,0.0,10,,,,,,,,
update_keys,,,,,313.72265625,313.72265625,0.0,3,,,,,,,,
update_keys,,,,,313.72265625,313.72265625,0.0,3,,,,,,,,
decrypt,,,,,313.72265625,313.72265625,0.0,7,,,,,,,,
encrypt,,,,,314.04296875,314.04296875,0.0,10,,,,,,,,
update_keys,,,,,314.04296875,314.04296875,0.0,3,,,,,,,,
update_keys,,,,,314.04296875,314.04296875,0.0,3,,,,,,,,
decrypt,,,,,314.04296875,314.04296875,0.0,7,,,,,,,,
encrypt,,,,,294.3125,304.328125,10.015625,11,,,,,,,,
update_keys,,,,,304.328125,304.328125,0.0,3,,,,,,,,
update_keys,,,,,304.328125,304.328125,0.0,3,,,,,,,,
decrypt,,,,,304.328125,314.328125,10.0,7,,,,,,,,
encrypt,,,,,274.6328125,274.6328125,0.0,11,,,,,,,,
update_keys,,,,,274.6328125,274.6328125,0.0,6,,,,,,,,
update_keys,,,,,274.6328125,274.6328125,0.0,3,,,,,,,,
decrypt,,,,,274.6328125,274.6328125,0.0,6,,,,,,,,
encrypt,,,,,274.99609375,284.94140625,9.9453125,9,,,,,,,,
update_keys,,,,,284.98046875,284.98046875,0.0,3,,,,,,,,
update_keys,,,,,284.98046875,284.98046875,0.0,3,,,,,,,,
decrypt,,,,,284.98046875,285.00390625,0.0234375,6,,,,,,,,
encrypt,,,,,275.3046875,275.3046875,0.0,11,,,,,,,,
update_keys,,,,,275.3046875,275.3046875,0.0,3,,,,,,,,
update_keys,,,,,275.3046875,275.3046875,0.0,3,,,,,,,,
decrypt,,,,,275.3046875,275.3046875,0.0,6,,,,,,,,
encrypt,,,,,315.62890625,315.62890625,0.0,11,,,,,,,,
update_keys,,,,,315.62890625,315.62890625,0.0,3,,,,,,,,
update_keys,,,,,315.62890625,315.62890625,0.0,3,,,,,,,,
decrypt,,,,,315.62890625,315.62890625,0.0,7,,,,,,,,
encrypt,,,,,315.9453125,315.9453125,0.0,9,,,,,,,,
update_keys,,,,,315.9453125,315.9453125,0.0,3,,,,,,,,
update_keys,,,,,315.9453125,315.9453125,0.0,3,,,,,,,,
decrypt,,,,,315.9453125,315.9453125,0.0,6,,,,,,,,
encrypt,,,,,296.21484375,306.234375,10.01953125,11,,,,,,,,
update_keys,,,,,306.234375,306.234375,0.0,3,,,,,,,,
update_keys,,,,,306.234375,306.234375,0.0,3,,,,,,,,
decrypt,,,,,306.234375,316.234375,10.0,6,,,,,,,,
encrypt,,,,,276.5625,276.5625,0.0,10,,,,,,,,
update_keys,,,,,276.5625,276.5625,0.0,3,,,,,,,,
update_keys,,,,,276.5625,276.5625,0.0,3,,,,,,,,
decrypt,,,,,276.5625,276.5625,0.0,6,,,,,,,,
encrypt,,,,,276.92578125,286.90625,9.98046875,10,,,,,,,,
update_keys,,,,,286.91015625,286.91015625,0.0,3,,,,,,,,
update_keys,,,,,286.91015625,286.91015625,0.0,3,,,,,,,,
decrypt,,,,,286.91015625,286.9296875,0.01953125,6,,,,,,,,
encrypt,,,,,277.23828125,277.23828125,0.0,9,,,,,,,,
update_keys,,,,,277.23828125,277.23828125,0.0,3,,,,,,,,
update_keys,,,,,277.23828125,277.23828125,0.0,3,,,,,,,,
decrypt,,,,,277.23828125,277.23828125,0.0,6,,,,,,,,
encrypt,,,,,317.61328125,317.61328125,0.0,9,,,,,,,,
update_keys,,,,,317.61328125,317.61328125,0.0,3,,,,,,,,
update_keys,,,,,317.61328125,317.61328125,0.0,3,,,,,,,,
decrypt,,,,,317.61328125,317.61328125,0.0,6,,,,,,,,
encrypt,,,,,317.97265625,317.97265625,0.0,11,,,,,,,,
update_keys,,,,,317.97265625,317.97265625,0.0,3,,,,,,,,
update_keys,,,,,317.97265625,317.97265625,0.0,3,,,,,,,,
decrypt,,,,,317.97265625,317.97265625,0.0,6,,,,,,,,
encrypt,,,,,298.27734375,308.2890625,10.01171875,11,,,,,,,,
update_keys,,,,,308.2890625,308.2890625,0.0,3,,,,,,,,
update_keys,,,,,308.2890625,308.2890625,0.0,3,,,,,,,,
decrypt,,,,,308.2890625,318.2890625,10.0,7,,,,,,,,
encrypt,,,,,278.62109375,278.62109375,0.0,10,,,,,,,,
update_keys,,,,,278.62109375,278.62109375,0.0,3,,,,,,,,
update_keys,,,,,278.62109375,278.62109375,0.0,3,,,,,,,,
decrypt,,,,,278.62109375,278.62109375,0.0,6,,,,,,,,
encrypt,,,,,278.96875,288.94921875,9.98046875,10,,,,,,,,
update_keys,,,,,288.94921875,288.94921875,0.0,3,,,,,,,,
update_keys,,,,,288.94921875,288.94921875,0.0,3,,,,,,,,
decrypt,,,,,288.94921875,288.9609375,0.01171875,6,,,,,,,,
encrypt,,,,,279.265625,279.265625,0.0,9,,,,,,,,
update_keys,,,,,279.265625,279.265625,0.0,3,,,,,,,,
update_keys,,,,,279.265625,279.265625,0.0,3,,,,,,,,
decrypt,,,,,279.265625,279.265625,0.0,6,,,,,,,,
encrypt,,,,,319.6640625,319.6640625,0.0,11,,,,,,,,
update_keys,,,,,319.6640625,319.6640625,0.0,6,,,,,,,,
update_keys,,,,,319.6640625,319.6640625,0.0,3,,,,,,,,
decrypt,,,,,319.6640625,319.6640625,0.0,6,,,,,,,,
encrypt,,,,,330.02734375,330.02734375,0.0,11,,,,,,,,
update_keys,,,,,330.02734375,330.02734375,0.0,3,,,,,,,,
update_keys,,,,,330.02734375,330.02734375,0.0,3,,,,,,,,
decrypt,,,,,330.02734375,330.02734375,0.0,7,,,,,,,,
encrypt,,,,,310.59765625,320.5,9.90234375,9,,,,,,,,
update_keys,,,,,320.5,320.5,0.0,3,,,,,,,,
update_keys,,,,,320.5,320.5,0.0,3,,,,,,,,
decrypt,,,,,320.5,330.4609375,9.9609375,7,,,,,,,,
encrypt,,,,,320.828125,320.828125,0.0,11,,,,,,,,
update_keys,,,,,320.828125,320.828125,0.0,3,,,,,,,,
update_keys,,,,,320.828125,320.828125,0.0,3,,,,,,,,
decrypt,,,,,320.828125,320.828125,0.0,7,,,,,,,,
encrypt,,,,,321.17578125,321.17578125,0.0,10,,,,,,,,
update_keys,,,,,321.17578125,321.17578125,0.0,3,,,,,,,,
update_keys,,,,,321.17578125,321.17578125,0.0,3,,,,,,,,
decrypt,,,,,321.17578125,321.203125,0.02734375,6,,,,,,,,
encrypt,,,,,311.6328125,311.6328125,0.0,9,,,,,,,,
update_keys,,,,,311.6328125,311.6328125,0.0,3,,,,,,,,
update_keys,,,,,311.6328125,311.6328125,0.0,3,,,,,,,,
decrypt,,,,,311.6328125,311.6328125,0.0,6,,,,,,,,
encrypt,,,,,331.8828125,331.8828125,0.0,9,,,,,,,,
update_keys,,,,,331.8828125,331.8828125,0.0,3,,,,,,,,
update_keys,,,,,331.8828125,331.8828125,0.0,3,,,,,,,,
decrypt,,,,,331.8828125,331.8828125,0.0,6,,,,,,,,
encrypt,,,,,322.3984375,322.3984375,0.0,10,,,,,,,,
update_keys,,,,,322.3984375,322.3984375,0.0,3,,,,,,,,
update_keys,,,,,322.3984375,322.3984375,0.0,3,,,,,,,,
decrypt,,,,,322.3984375,322.3984375,0.0,6,,,,,,,,
encrypt,,,,,322.640625,322.66796875,0.02734375,9,,,,,,,,
update_keys,,,,,322.66796875,322.66796875,0.0,3,,,,,,,,
update_keys,,,,,322.66796875,322.66796875,0.0,3,,,,,,,,
decrypt,,,,,322.66796875,322.66796875,0.0,6,,,,,,,,
encrypt,,,,,322.8359375,322.8359375,0.0,9,,,,,,,,
update_keys,,,,,322.8359375,322.8359375,0.0,3,,,,,,,,
update_keys,,,,,322.8359375,322.8359375,0.0,3,,,,,,,,
decrypt,,,,,322.8359375,322.8359375,0.0,6,,,,,,,,
encrypt,,,,,323.1953125,323.1953125,0.0,12,,,,,,,,
update_keys,,,,,323.20703125,323.20703125,0.0,3,,,,,,,,
update_keys,,,,,323.20703125,323.20703125,0.0,3,,,,,,,,
decrypt,,,,,323.20703125,323.23046875,0.0234375,6,,,,,,,,
encrypt,,,,,313.6328125,313.6328125,0.0,11,,,,,,,,
update_keys,,,,,313.6328125,313.6328125,0.0,3,,,,,,,,
update_keys,,,,,313.6328125,313.6328125,0.0,3,,,,,,,,
decrypt,,,,,313.6328125,313.6328125,0.0,6,,,,,,,,
encrypt,,,,,333.92578125,333.92578125,0.0,11,,,,,,,,
update_keys,,,,,333.92578125,333.92578125,0.0,3,,,,,,,,
update_keys,,,,,333.92578125,333.92578125,0.0,3,,,,,,,,
decrypt,,,,,333.92578125,333.92578125,0.0,6,,,,,,,,
encrypt,,,,,314.37890625,314.37890625,0.0,11,,,,,,,,
update_keys,,,,,314.37890625,314.37890625,0.0,3,,,,,,,,
update_keys,,,,,314.37890625,314.37890625,0.0,3,,,,,,,,
decrypt,,,,,314.37890625,314.37890625,0.0,6,,,,,,,,
encrypt,,,,,314.62890625,324.53125,9.90234375,10,,,,,,,,
update_keys,,,,,324.53125,324.53125,0.0,3,,,,,,,,
update_keys,,,,,324.53125,324.53125,0.0,3,,,,,,,,
decrypt,,,,,324.53125,334.39453125,9.86328125,6,,,,,,,,
encrypt,,,,,324.8359375,324.8359375,0.0,10,,,,,,,,
update_keys,,,,,324.8359375,324.8359375,0.0,3,,,,,,,,
update_keys,,,,,324.8359375,324.8359375,0.0,3,,,,,,,,
decrypt,,,,,324.8359375,324.8359375,0.0,6,,,,,,,,
encrypt,,,,,325.1796875,325.1796875,0.0,11,,,,,,,,
update_keys,,,,,325.1953125,325.1953125,0.0,3,,,,,,,,
update_keys,,,,,325.1953125,325.1953125,0.0,3,,,,,,,,
decrypt,,,,,325.1953125,325.22265625,0.02734375,6,,,,,,,,
encrypt,,,,,315.6171875,315.6171875,0.0,11,,,,,,,,
update_keys,,,,,315.6171875,315.6171875,0.0,3,,,,,,,,
update_keys,,,,,315.6171875,315.6171875,0.0,3,,,,,,,,
decrypt,,,,,315.6171875,315.6171875,0.0,6,,,,,,,,
encrypt,,,,,335.87109375,335.87109375,0.0,10,,,,,,,,
update_keys,,,,,335.87109375,335.87109375,0.0,3,,,,,,,,
update_keys,,,,,335.87109375,335.87109375,0.0,3,,,,,,,,
decrypt,,,,,335.87109375,335.87109375,0.0,6,,,,,,,,
encrypt,,,,,316.33203125,316.33203125,0.0,10,,,,,,,,
update_keys,,,,,316.33203125,316.33203125,0.0,3,,,,,,,,
update_keys,,,,,316.33203125,316.33203125,0.0,3,,,,,,,,
decrypt,,,,,316.33203125,316.33203125,0.0,6,,,,,,,,
encrypt,,,,,316.59375,326.50390625,9.91015625,11,,,,,,,,
update_keys,,,,,326.50390625,326.50390625,0.0,3,,,,,,,,
update_keys,,,,,326.50390625,326.50390625,0.0,3,,,,,,,,
decrypt,,,,,326.50390625,336.30078125,9.796875,6,,,,,,,,
encrypt,,,,,326.79296875,326.79296875,0.0,10,,,,,,,,
update_keys,,,,,326.79296875,326.79296875,0.0,3,,,,,,,,
update_keys,,,,,326.79296875,326.79296875,0.0,3,,,,,,,,
decrypt,,,,,326.79296875,326.79296875,0.0,6,,,,,,,,
encrypt,,,,,327.1328125,327.1328125,0.0,11,,,,,,,,
update_keys,,,,,327.1328125,327.1328125,0.0,3,,,,,,,,
update_keys,,,,,327.1328125,327.1328125,0.0,3,,,,,,,,
decrypt,,,,,327.1328125,327.13671875,0.00390625,6,,,,,,,,
encrypt,,,,,317.546875,317.546875,0.0,10,,,,,,,,
update_keys,,,,,317.546875,317.546875,0.0,3,,,,,,,,
update_keys,,,,,317.546875,317.546875,0.0,3,,,,,,,,
decrypt,,,,,317.546875,317.546875,0.0,6,,,,,,,,
encrypt,,,,,337.81640625,337.81640625,0.0,12,,,,,,,,
update_keys,,,,,337.81640625,337.81640625,0.0,3,,,,,,,,
update_keys,,,,,337.81640625,337.81640625,0.0,3,,,,,,,,
decrypt,,,,,337.81640625,337.81640625,0.0,6,,,,,,,,
encrypt,,,,,318.2734375,318.2734375,0.0,9,,,,,,,,
update_keys,,,,,318.2734375,318.2734375,0.0,3,,,,,,,,
update_keys,,,,,318.2734375,318.2734375,0.0,3,,,,,,,,
decrypt,,,,,318.2734375,318.2734375,0.0,6,,,,,,,,
encrypt,,,,,318.5703125,328.4765625,9.90625,10,,,,,,,,
update_keys,,,,,328.4765625,328.4765625,0.0,3,,,,,,,,
update_keys,,,,,328.4765625,328.4765625,0.0,3,,,,,,,,
decrypt,,,,,328.4765625,338.40625,9.9296875,6,,,,,,,,
encrypt,,,,,328.78125,328.78125,0.0,11,,,,,,,,
update_keys,,,,,328.78125,328.78125,0.0,3,,,,,,,,
update_keys,,,,,328.78125,328.78125,0.0,3,,,,,,,,
decrypt,,,,,328.78125,328.78125,0.0,6,,,,,,,,
encrypt,,,,,329.13671875,329.13671875,0.0,10,,,,,,,,
update_keys,,,,,329.14453125,329.14453125,0.0,3,,,,,,,,
update_keys,,,,,329.14453125,329.14453125,0.0,3,,,,,,,,
decrypt,,,,,329.14453125,329.16796875,0.0234375,6,,,,,,,,
encrypt,,,,,319.59375,319.59375,0.0,10,,,,,,,,
update_keys,,,,,319.59375,319.59375,0.0,3,,,,,,,,
update_keys,,,,,319.59375,319.59375,0.0,3,,,,,,,,
decrypt,,,,,319.59375,319.59375,0.0,6,,,,,,,,
encrypt,,,,,319.9609375,319.9609375,0.0,10,,,,,,,,
update_keys,,,,,319.9609375,319.9609375,0.0,3,,,,,,,,
update_keys,,,,,319.9609375,319.9609375,0.0,3,,,,,,,,
decrypt,,,,,319.9609375,319.9609375,0.0,6,,,,,,,,
encrypt,,,,,340.1796875,340.1796875,0.0,12,,,,,,,,
update_keys,,,,,340.1796875,340.1796875,0.0,3,,,,,,,,
update_keys,,,,,340.1796875,340.1796875,0.0,3,,,,,,,,
decrypt,,,,,340.1796875,340.1796875,0.0,7,,,,,,,,
encrypt,,,,,330.58203125,340.484375,9.90234375,11,,,,,,,,
update_keys,,,,,340.484375,340.484375,0.0,3,,,,,,,,
update_keys,,,,,340.484375,340.484375,0.0,3,,,,,,,,
decrypt,,,,,340.484375,346.15625,5.671875,6,,,,,,,,
encrypt,,,,,330.79296875,330.79296875,0.0,10,,,,,,,,
update_keys,,,,,330.79296875,330.79296875,0.0,3,,,,,,,,
update_keys,,,,,330.79296875,330.79296875,0.0,3,,,,,,,,
decrypt,,,,,330.79296875,330.79296875,0.0,7,,,,,,,,
encrypt,,,,,331.17578125,331.17578125,0.0,10,,,,,,,,
update_keys,,,,,331.19140625,331.19140625,0.0,3,,,,,,,,
update_keys,,,,,331.19140625,331.19140625,0.0,3,,,,,,,,
decrypt,,,,,331.19140625,331.2109375,0.01953125,6,,,,,,,,
encrypt,,,,,321.609375,321.609375,0.0,11,,,,,,,,
update_keys,,,,,321.609375,321.609375,0.0,3,,,,,,,,
update_keys,,,,,321.609375,321.609375,0.0,3,,,,,,,,
decrypt,,,,,321.609375,321.609375,0.0,6,,,,,,,,
encrypt,,,,,351.89453125,351.89453125,0.0,10,,,,,,,,
update_keys,,,,,351.89453125,351.89453125,0.0,3,,,,,,,,
update_keys,,,,,351.89453125,351.89453125,0.0,3,,,,,,,,
decrypt,,,,,351.89453125,351.89453125,0.0,7,,,,,,,,
